Iteration,Current_Best_R,theta,Energy
0,0.7933,1.203431,-255.80808
1,0.4049,0.822321,-263.73921
2,0.4049,0.822321,-263.73921
3,0.4049,0.822321,-263.73921
4,0.4049,0.822321,-263.73921
5,0.4049,0.822321,-263.73921
6,0.4049,0.822321,-263.73921
7,0.4049,0.822321,-263.73921
8,0.4049,0.822321,-263.73921
9,0.4049,0.822321,-263.73921
10,0.4049,0.822321,-263.73921
11,0.4049,0.822321,-263.73921
12,0.4049,0.822321,-263.73921
13,0.4049,0.822321,-263.73921
14,0.4049,0.822321,-263.73921
15,0.4009,0.822321,-265.28179
16,0.3924,0.822321,-265.316227
17,0.3924,0.822321,-265.316227
18,0.3924,0.822321,-265.316227
19,0.3924,0.822321,-265.316227
20,0.3924,0.822321,-265.316227
21,0.3904,0.902664,-265.316227
22,0.3904,0.902664,-265.316227
23,0.3904,0.902664,-265.316227
24,0.3904,0.902664,-265.316227
25,0.3904,0.902664,-265.316227
26,0.3904,0.902664,-265.316227
27,0.3904,0.902664,-265.316227
28,0.3904,0.902664,-265.316227
29,0.385,0.822321,-265.196789
30,0.385,0.822321,-265.196789
31,0.3825,0.822321,-265.196789
32,0.3825,0.822321,-265.196789
33,0.3825,0.822321,-265.196789
34,0.3813,0.859189,-265.196789
35,0.3813,0.859189,-265.196789
36,0.3813,0.859189,-265.196789
37,0.3813,0.859189,-265.196789
38,0.3813,0.859189,-265.196789
39,0.3808,0.794146,-265.196789
40,0.3808,0.794146,-265.196789
41,0.3808,0.794146,-265.196789
42,0.3808,0.794146,-265.196789
43,0.3807,0.834185,-265.196789
44,0.3789,0.822321,-264.646703
45,0.3789,0.822321,-264.646703
46,0.3789,0.822321,-264.646703
47,0.3789,0.822321,-264.646703
48,0.3789,0.822321,-264.646703
49,0.3789,0.822321,-264.646703
50,0.3789,0.822321,-264.646703
51,0.3789,0.822321,-264.646703
52,0.3789,0.822321,-264.646703
53,0.3789,0.822321,-264.646703
54,0.3789,0.822321,-264.646703
55,0.3775,0.847939,-264.646703
56,0.3775,0.847939,-264.646703
57,0.3775,0.847939,-264.646703
58,0.3775,0.847939,-264.646703
59,0.3764,0.822321,-264.646703
60,0.3764,0.822321,-264.646703
61,0.3764,0.822321,-264.646703
62,0.3764,0.822321,-264.646703
63,0.3764,0.822321,-264.646703
64,0.3764,0.822321,-264.646703
65,0.3764,0.822321,-264.646703
66,0.3764,0.822321,-264.646703
67,0.3764,0.822321,-264.646703
68,0.3764,0.822321,-264.646703
69,0.3764,0.822321,-264.646703
70,0.3764,0.822321,-264.646703
71,0.3759,0.822321,-265.326563
72,0.3759,0.822321,-265.326563
73,0.3759,0.822321,-265.326563
74,0.3759,0.822321,-265.326563
75,0.3759,0.822321,-265.326563
76,0.3759,0.822321,-265.326563
77,0.3759,0.822321,-265.326563
78,0.3759,0.822321,-265.326563
79,0.3759,0.822321,-265.326563
80,0.3759,0.822321,-265.326563
81,0.3759,0.822321,-265.326563
82,0.3759,0.822321,-265.326563
83,0.3759,0.822321,-265.326563
84,0.3759,0.822321,-265.326563
85,0.3757,0.822321,-265.334903
86,0.3757,0.822321,-265.334903
87,0.3757,0.822321,-265.334903
88,0.3757,0.822321,-265.334903
89,0.3757,0.822321,-265.334903
90,0.3757,0.822321,-265.334903
91,0.3757,0.822321,-265.334903
92,0.3757,0.822321,-265.334903
93,0.3757,0.822321,-265.334903
94,0.3757,0.822321,-265.334903
95,0.3757,0.822321,-265.334903
96,0.3757,0.822321,-265.334903
97,0.3757,0.822321,-265.334903
98,0.3757,0.822321,-265.334903
99,0.3757,0.822321,-265.334903
100,0.3757,0.822321,-265.334903
101,0.3757,0.822321,-265.334903
102,0.3757,0.822321,-265.334903
103,0.3757,0.822321,-265.334903
104,0.3757,0.822321,-265.334903
105,0.3757,0.822321,-265.334903
106,0.3757,0.822321,-265.334903
107,0.3757,0.822321,-265.334903
108,0.3757,0.822321,-265.334903
109,0.3757,0.822321,-265.334903
110,0.3757,0.822321,-265.334903
111,0.3757,0.822321,-265.334903
112,0.3757,0.822321,-265.334903
113,0.3757,0.822321,-265.334903
114,0.3757,0.822321,-265.334903
115,0.3757,0.822321,-265.334903
116,0.3757,0.822321,-265.334903
117,0.3757,0.822321,-265.334903
118,0.3757,0.822321,-265.334903
119,0.3757,0.822321,-265.334903
120,0.3757,0.822321,-265.334903
121,0.3757,0.822321,-265.334903
122,0.3757,0.822321,-265.334903
123,0.3757,0.822321,-265.334903
124,0.3757,0.822321,-265.334903
125,0.3757,0.822321,-265.334903
126,0.3757,0.822321,-265.334903
127,0.3757,0.822321,-265.334903
128,0.3757,0.822321,-265.334903
129,0.3757,0.822321,-265.334903
130,0.3757,0.822321,-265.334903
131,0.3757,0.822321,-265.334903
132,0.3757,0.822321,-265.334903
133,0.3757,0.822321,-265.334903
134,0.3757,0.822321,-265.334903
135,0.3757,0.822321,-265.334903
136,0.3757,0.822321,-265.334903
137,0.3757,0.822321,-265.334903
138,0.3757,0.822321,-265.334903
139,0.3757,0.822321,-265.334903
140,0.3757,0.822321,-265.334903
141,0.3757,0.822321,-265.334903
142,0.3757,0.822321,-265.334903
143,0.3757,0.822321,-265.334903
144,0.3757,0.822321,-265.334903
145,0.3757,0.822321,-265.334903
146,0.3757,0.822321,-265.334903
147,0.3757,0.822321,-265.334903
148,0.3757,0.822321,-265.334903
149,0.3757,0.822321,-265.334903
150,0.3757,0.822321,-265.334903
151,0.3757,0.822321,-265.334903
152,0.3757,0.822321,-265.334903
153,0.3757,0.822321,-265.334903
154,0.3757,0.822321,-265.334903
155,0.3757,0.822321,-265.334903
156,0.3757,0.822321,-265.334903
157,0.3757,0.822321,-265.334903
158,0.3757,0.822321,-265.334903
159,0.3757,0.822321,-265.334903
160,0.3757,0.822321,-265.334903
161,0.3757,0.822321,-265.334903
162,0.3757,0.822321,-265.334903
163,0.3757,0.822321,-265.334903
164,0.3757,0.822321,-265.334903
165,0.3757,0.822321,-265.334903
166,0.3757,0.822321,-265.334903
167,0.3757,0.822321,-265.334903
168,0.3757,0.822321,-265.334903
169,0.3757,0.822321,-265.334903
170,0.3757,0.822321,-265.334903
171,0.3757,0.822321,-265.334903
172,0.3757,0.822321,-265.334903
173,0.3757,0.822321,-265.334903
174,0.3757,0.822321,-265.334903
175,0.3757,0.822321,-265.334903
176,0.3757,0.822321,-265.334903
177,0.3757,0.822321,-265.334903
178,0.3757,0.822321,-265.334903
179,0.3757,0.822321,-265.334903
180,0.3757,0.822321,-265.334903
181,0.3757,0.822321,-265.334903
182,0.3757,0.822321,-265.334903
183,0.3757,0.822321,-265.334903
184,0.3757,0.822321,-265.334903
185,0.3757,0.822321,-265.334903
186,0.3757,0.822321,-265.334903
187,0.3757,0.822321,-265.334903
188,0.3757,0.822321,-265.334903
189,0.3757,0.822321,-265.334903
190,0.3757,0.822321,-265.334903
191,0.3757,0.822321,-265.334903
192,0.3757,0.822321,-265.334903
193,0.3757,0.822321,-265.334903
194,0.3757,0.822321,-265.334903
195,0.3757,0.822321,-265.334903
196,0.3757,0.822321,-265.334903
197,0.3757,0.822321,-265.334903
198,0.3757,0.822321,-265.334903
199,0.3757,0.822321,-265.334903
200,0.3757,0.822321,-265.334903
201,0.3757,0.822321,-265.334903
202,0.3757,0.822321,-265.334903
203,0.3757,0.822321,-265.334903
204,0.3757,0.822321,-265.334903
205,0.3757,0.822321,-265.334903
206,0.3757,0.822321,-265.334903
207,0.3757,0.822321,-265.334903
208,0.3757,0.822321,-265.334903
209,0.3757,0.822321,-265.334903
210,0.3757,0.822321,-265.334903
211,0.3757,0.822321,-265.334903
212,0.3757,0.822321,-265.334903
213,0.3757,0.822321,-265.334903
214,0.3757,0.822321,-265.334903
215,0.3757,0.822321,-265.334903
216,0.3757,0.822321,-265.334903
217,0.3757,0.822321,-265.334903
218,0.3757,0.822321,-265.334903
219,0.3757,0.822321,-265.334903
220,0.3757,0.822321,-265.334903
221,0.3757,0.822321,-265.334903
222,0.3757,0.822321,-265.334903
223,0.3757,0.822321,-265.334903
224,0.3757,0.822321,-265.334903
225,0.3757,0.822321,-265.334903
226,0.3757,0.822321,-265.334903
227,0.3757,0.822321,-265.334903
228,0.3757,0.822321,-265.334903
229,0.3757,0.822321,-265.334903
230,0.3757,0.822321,-265.334903
231,0.3757,0.822321,-265.334903
232,0.3757,0.822321,-265.334903
233,0.3757,0.822321,-265.334903
234,0.3757,0.822321,-265.334903
235,0.3757,0.822321,-265.334903
236,0.3757,0.822321,-265.334903
237,0.3757,0.822321,-265.334903
238,0.3757,0.822321,-265.334903
239,0.3757,0.822321,-265.334903
240,0.3757,0.822321,-265.334903
241,0.3757,0.822321,-265.334903
242,0.3757,0.822321,-265.334903
243,0.3757,0.822321,-265.334903
244,0.3757,0.822321,-265.334903
245,0.3757,0.822321,-265.334903
246,0.3757,0.822321,-265.334903
247,0.3757,0.822321,-265.334903
248,0.3757,0.822321,-265.334903
249,0.3757,0.822321,-265.334903
250,0.3757,0.822321,-265.334903
251,0.3757,0.822321,-265.334903
252,0.3757,0.822321,-265.334903
253,0.3757,0.822321,-265.334903
254,0.3757,0.822321,-265.334903
255,0.3757,0.822321,-265.334903
256,0.3757,0.822321,-265.334903
257,0.3757,0.822321,-265.334903
258,0.3757,0.822321,-265.334903
259,0.3757,0.822321,-265.334903
260,0.3757,0.822321,-265.334903
261,0.3757,0.822321,-265.334903
262,0.3757,0.822321,-265.334903
263,0.3757,0.822321,-265.334903
264,0.3757,0.822321,-265.334903
265,0.3757,0.822321,-265.334903
266,0.3757,0.822321,-265.334903
267,0.3757,0.822321,-265.334903
268,0.3757,0.822321,-265.334903
269,0.3757,0.822321,-265.334903
270,0.3757,0.822321,-265.334903
271,0.3757,0.822321,-265.334903
272,0.3757,0.822321,-265.334903
273,0.362,0.930311,-266.328195
274,0.362,0.930311,-266.328195
275,0.362,0.930311,-266.328195
276,0.3375,0.930311,-265.840258
277,0.3375,0.930311,-265.840258
278,0.3375,0.930311,-265.840258
279,0.3375,0.930311,-265.840258
280,0.3375,0.930311,-265.840258
281,0.3375,0.930311,-265.840258
282,0.3375,0.930311,-265.840258
283,0.3359,0.780824,-263.788006
284,0.3331,0.780824,-268.355373
285,0.3326,0.896418,-268.148773
286,0.3326,0.896418,-268.148773
287,0.3326,0.896418,-268.148773
288,0.3326,0.896418,-268.148773
289,0.3326,0.896418,-268.148773
290,0.3326,0.896418,-268.148773
291,0.3326,0.896418,-268.148773
292,0.3326,0.896418,-268.148773
293,0.3326,0.896418,-268.148773
294,0.3326,0.896418,-268.148773
295,0.3326,0.896418,-268.148773
296,0.3324,0.896418,-268.148773
297,0.3324,0.896418,-268.148773
298,0.3324,0.896418,-268.148773
299,0.3324,0.896418,-268.148773
300,0.3205,0.896418,-267.814246
301,0.3138,0.896418,-267.814246
302,0.3138,0.896418,-267.814246
303,0.3045,0.896418,-267.814246
304,0.3045,0.896418,-267.814246
305,0.3045,0.896418,-267.814246
306,0.3045,0.896418,-267.814246
307,0.2904,0.896418,-268.865834
308,0.2904,0.896418,-268.865834
309,0.2904,0.896418,-268.865834
310,0.2904,0.896418,-268.865834
311,0.2897,0.896418,-268.831391
312,0.2897,0.896418,-268.831391
313,0.2897,0.896418,-268.831391
314,0.2897,0.896418,-268.831391
315,0.2897,0.896418,-268.831391
316,0.2858,0.896418,-268.690418
317,0.2858,0.896418,-268.690418
318,0.2858,0.896418,-268.690418
319,0.2858,0.896418,-268.690418
320,0.2855,0.896418,-269.001029
321,0.2855,0.896418,-269.001029
322,0.2855,0.896418,-269.001029
323,0.2855,0.896418,-269.001029
324,0.2855,0.896418,-269.001029
325,0.2807,0.92968,-269.057852
326,0.2807,0.92968,-269.057852
327,0.2807,0.92968,-269.057852
328,0.2763,0.92968,-269.057852
329,0.2718,0.854745,-268.991419
330,0.2718,0.854745,-268.991419
331,0.2718,0.854745,-268.991419
332,0.2718,0.854745,-268.991419
333,0.2718,0.854745,-268.991419
334,0.2718,0.854745,-268.991419
335,0.2718,0.854745,-268.991419
336,0.2718,0.854745,-268.991419
337,0.2718,0.854745,-268.991419
338,0.2703,0.854745,-269.112762
339,0.2701,0.854745,-269.0174456
340,0.2701,0.854745,-269.0174456
341,0.2701,0.854745,-269.0174456
342,0.2701,0.854745,-269.0174456
343,0.2701,0.854745,-269.0174456
344,0.2701,0.854745,-269.0174456
345,0.2701,0.854745,-269.0174456
346,0.2701,0.854745,-269.0174456
347,0.268,0.854745,-269.175331
348,0.268,0.854745,-269.175331
349,0.268,0.854745,-269.175331
350,0.268,0.854745,-269.175331
351,0.268,0.854745,-269.175331
352,0.268,0.854745,-269.175331
353,0.268,0.854745,-269.175331
354,0.268,0.854745,-269.175331
355,0.268,0.854745,-269.175331
356,0.268,0.854745,-269.175331
357,0.268,0.854745,-269.175331
358,0.2577,1.002639,-269.298676
359,0.2577,1.002639,-269.298676
360,0.2577,1.002639,-269.298676
361,0.2577,1.002639,-269.298676
362,0.2577,1.002639,-269.298676
363,0.2577,1.002639,-269.298676
364,0.2577,1.002639,-269.298676
365,0.2577,1.002639,-269.298676
366,0.2577,1.002639,-269.298676
367,0.2577,1.002639,-269.298676
368,0.2577,1.002639,-269.298676
369,0.2577,1.002639,-269.298676
370,0.2557,1.002639,-269.298676
371,0.2557,1.002639,-269.298676
372,0.2557,1.002639,-269.298676
373,0.2557,1.002639,-269.298676
374,0.2557,1.002639,-269.298676
375,0.2557,1.002639,-269.298676
376,0.2557,1.002639,-269.298676
377,0.2557,1.002639,-269.298676
378,0.2557,1.002639,-269.298676
379,0.2557,1.002639,-269.298676
380,0.2557,1.002639,-269.298676
381,0.2557,1.002639,-269.298676
382,0.2557,1.002639,-269.298676
383,0.2557,1.002639,-269.298676
384,0.2557,1.002639,-269.298676
385,0.2532,1.034299,-269.480475
386,0.2438,0.988711,-269.59469
387,0.2438,0.988711,-269.59469
388,0.2438,0.988711,-269.59469
389,0.2438,0.988711,-269.59469
390,0.2403,0.988711,-269.617029
391,0.2403,0.988711,-269.617029
392,0.24,0.988711,-269.617029
393,0.24,0.988711,-269.617029
394,0.24,0.988711,-269.617029
395,0.2385,0.95231,-269.617029
396,0.2385,0.95231,-269.617029
397,0.2381,0.892048,-269.657581
398,0.2361,0.892048,-269.859249
399,0.2361,0.892048,-269.859249
400,0.2361,0.892048,-269.859249
401,0.2361,0.892048,-269.859249
402,0.2318,0.892048,-269.805014
403,0.2318,0.892048,-269.805014
404,0.2287,0.892048,-269.851943
405,0.2287,0.892048,-269.851943
406,0.2287,0.892048,-269.851943
407,0.2287,0.892048,-269.851943
408,0.2287,0.892048,-269.851943
409,0.2287,0.892048,-269.851943
410,0.2246,0.892048,-269.873165
411,0.2246,0.892048,-269.873165
412,0.2246,0.892048,-269.873165
413,0.2246,0.892048,-269.873165
414,0.2246,0.892048,-269.873165
415,0.2245,0.892048,-269.959302
416,0.2243,0.892048,-269.959302
417,0.2243,0.892048,-269.959302
418,0.2243,0.892048,-269.959302
419,0.2243,0.892048,-269.959302
420,0.2243,0.892048,-269.959302
421,0.2243,0.892048,-269.959302
422,0.2243,0.892048,-269.959302
423,0.2243,0.892048,-269.959302
424,0.2243,0.892048,-269.959302
425,0.2182,0.892048,-237.971235
426,0.2174,0.881263,-269.979129
427,0.2174,0.881263,-269.979129
428,0.2174,0.881263,-269.979129
429,0.2144,0.881263,-269.979129
430,0.2144,0.881263,-269.979129
431,0.2144,0.881263,-269.979129
432,0.2144,0.881263,-269.979129
433,0.2144,0.881263,-269.979129
434,0.2144,0.881263,-269.979129
435,0.2144,0.881263,-269.979129
436,0.2111,0.881263,-269.971379
437,0.2111,0.881263,-269.971379
438,0.2111,0.881263,-269.971379
439,0.2111,0.881263,-269.971379
440,0.2111,0.881263,-269.971379
441,0.2111,0.881263,-269.971379
442,0.2111,0.881263,-269.971379
443,0.2111,0.881263,-269.971379
444,0.2111,0.881263,-269.971379
445,0.2111,0.881263,-269.971379
446,0.2111,0.881263,-269.971379
447,0.2111,0.881263,-269.971379
448,0.21,0.881263,-269.994463
449,0.21,0.881263,-269.994463
450,0.2088,0.883111,-269.994463
451,0.2088,0.883111,-269.994463
452,0.2088,0.883111,-269.994463
453,0.2088,0.883111,-269.994463
454,0.2088,0.883111,-269.996547
455,0.2088,0.883111,-270.00433
456,0.2088,0.883111,-270.00433
457,0.2088,0.883111,-270.00433
458,0.2088,0.883111,-270.005486
459,0.2088,0.883111,-270.004205
460,0.2088,0.883111,-270.004205
461,0.2088,0.883111,-270.008478
462,0.2088,0.883111,-270.008478
463,0.2088,0.883111,-270.008478
464,0.2088,0.883111,-270.008478
465,0.2076,0.890127,-270.013202
466,0.2067,0.870568,-270.013202
467,0.2067,0.870568,-270.000721
468,0.2067,0.870568,-270.013552
469,0.2067,0.870568,-270.013552
470,0.2067,0.870568,-270.0016
471,0.2067,0.870568,-270.0016
472,0.2067,0.870568,-270.0016
473,0.2067,0.870568,-270.0016
474,0.2067,0.870568,-270.001069
475,0.2067,0.870568,-269.9852
476,0.2067,0.870568,-269.9852
477,0.2067,0.870568,-269.9852
478,0.2067,0.870568,-269.980575
479,0.2067,0.870568,-269.988459
480,0.2067,0.870568,-269.988459
481,0.2062,0.870568,-269.984957
482,0.2062,0.870568,-269.984957
483,0.2062,0.870568,-269.984957
484,0.2062,0.870568,-269.984032
485,0.2053,0.870568,-269.990505
486,0.2043,0.870568,-269.971529
487,0.2043,0.870568,-269.971529
488,0.2038,0.879642,-269.966583
489,0.2038,0.879642,-269.966583
490,0.2038,0.879642,-269.966583
491,0.2038,0.879642,-269.966583
492,0.2037,0.864871,-269.97427
493,0.2025,0.870809,-269.980728
494,0.2025,0.870809,-269.980728
495,0.2023,0.870809,-269.98114
496,0.2023,0.870809,-269.969202
497,0.2022,0.870809,-269.969202
498,0.2022,0.870809,-269.968335
499,0.2022,0.870809,-269.968335
500,0.2022,0.870809,-269.971428
501,0.2019,0.860702,-269.968335
502,0.2018,0.854737,-269.972654
503,0.2018,0.854737,-269.972654
504,0.2018,0.854737,-269.972654
505,0.2017,0.869129,-269.980162
506,0.2012,0.870881,-269.976141
507,0.2012,0.870881,-269.976141
508,0.2008,0.863973,-269.976141
509,0.2008,0.863973,-269.976141
510,0.2008,0.863973,-269.976141
511,0.2008,0.863973,-269.976141
512,0.2008,0.863973,-269.976141
513,0.2008,0.863973,-269.976141
514,0.2008,0.863973,-269.976141
515,0.2005,0.863973,-269.991385
516,0.2001,0.863973,-269.992078
517,0.2001,0.863973,-269.992078
518,0.2001,0.863973,-269.992078
519,0.2001,0.863973,-269.992078
520,0.2,0.863973,-269.992078
521,0.2,0.863973,-269.992078
522,0.2,0.863973,-269.992078
523,0.2,0.863973,-269.992078
524,0.2,0.863973,-269.992078
525,0.2,0.863973,-269.992078
526,0.2,0.863973,-269.992078
527,0.2,0.863973,-269.992078
528,0.2,0.863973,-269.992078
529,0.2,0.863973,-269.992078
530,0.2,0.863973,-269.992078
531,0.2,0.863973,-269.992078
532,0.1999,0.863973,-269.990721
533,0.1994,0.863973,-269.990721
534,0.1994,0.863973,-269.990721
535,0.1994,0.863973,-269.990721
536,0.1993,0.863973,-269.990721
537,0.1993,0.863973,-269.990721
538,0.1993,0.863973,-269.990721
539,0.1993,0.863973,-269.990721
540,0.1993,0.863973,-269.990721
541,0.1993,0.863973,-269.990721
542,0.1992,0.868726,-269.990125
543,0.1989,0.868726,-269.990125
544,0.1989,0.868726,-269.990125
545,0.1989,0.868726,-269.990125
546,0.1989,0.868726,-269.990125
547,0.1988,0.868726,-270.001717
548,0.1988,0.868726,-270.001717
549,0.1988,0.868726,-270.001717
550,0.1988,0.868726,-270.001717
551,0.1988,0.868726,-270.001717
552,0.1985,0.868726,-270.000885
553,0.1981,0.868726,-270.000885
554,0.1981,0.868726,-270.000885
555,0.1981,0.868726,-270.000885
556,0.1981,0.868726,-270.000885
557,0.1981,0.868726,-270.000885
558,0.1981,0.868726,-270.000885
559,0.1981,0.868726,-270.000885
560,0.1981,0.868726,-270.000885
561,0.1981,0.868726,-270.000885
562,0.1981,0.868726,-270.000885
563,0.1981,0.868726,-270.000885
564,0.198,0.868726,-270.001441
565,0.198,0.868726,-270.001441
566,0.1976,0.873992,-269.999587
567,0.1976,0.873992,-269.999587
568,0.1976,0.873992,-269.999587
569,0.1976,0.873992,-269.999587
570,0.1976,0.873992,-269.999587
571,0.1976,0.873992,-269.999587
572,0.1976,0.873992,-269.999587
573,0.1976,0.873992,-269.999587
574,0.1976,0.873992,-269.999587
575,0.1976,0.873992,-269.999587
576,0.1976,0.873992,-269.999587
577,0.1976,0.873992,-269.999587
578,0.1976,0.873992,-269.999587
579,0.1976,0.873992,-269.999587
580,0.1976,0.873992,-269.999587
