R_value,Energy
0.2737,-15.30101853
0.2737,-15.30101853
0.2737,-15.30101853
0.2737,-15.30101853
0.2737,-15.30101853
0.2737,-15.30101853
0.2737,-15.30101853
0.2737,-15.30101853
0.269,-15.30563978
0.2613,-15.29881231
0.2577,-15.30546176
0.2577,-15.30546176
0.2472,-15.29299764
0.2472,-15.29299764
0.2414,-15.31742881
0.2414,-15.31742881
0.2414,-15.31742881
0.2414,-15.31742881
0.2414,-15.31742881
0.2138,-15.31267966
0.2138,-15.31267966
0.2138,-15.31267966
0.2138,-15.31267966
0.2138,-15.31267966
0.2065,-15.32002942
0.2065,-15.32002942
0.2065,-15.32002942
0.2065,-15.32002942
0.2065,-15.32002942
0.2065,-15.32002942
0.2065,-15.32002942
0.2065,-15.32002942
0.2065,-15.32002942
0.2065,-15.32002942
0.2065,-15.32002942
0.2065,-15.32002942
0.2065,-15.32002942
0.2065,-15.32002942
0.2065,-15.32002942
0.2065,-15.32002942
0.1998,-15.33063594
0.1998,-15.33063594
0.1814,-15.34094266
0.1814,-15.34094266
0.1814,-15.34094266
0.1814,-15.34094266
0.1814,-15.34094266
0.1814,-15.34094266
0.1814,-15.34094266
0.1814,-15.34094266
0.1814,-15.34094266
0.1814,-15.34094266
0.1814,-15.34094266
0.1814,-15.34094266
0.1814,-15.34094266
0.1814,-15.34094266
0.1814,-15.34094266
0.1814,-15.34094266
0.1814,-15.34094266
0.1814,-15.34094266
0.1814,-15.34094266
0.1814,-15.34094266
0.1814,-15.34094266
0.1814,-15.34094266
0.1814,-15.34094266
0.1814,-15.34094266
0.1814,-15.34094266
0.1814,-15.34094266
0.1814,-15.34094266
0.1814,-15.34094266
0.1814,-15.34094266
0.1814,-15.34094266
0.1528,-15.3305419
0.1528,-15.3305419
0.1528,-15.3305419
0.1528,-15.3305419
0.1528,-15.3305419
0.1528,-15.3305419
0.1528,-15.3305419
0.1528,-15.3305419
0.1528,-15.3305419
0.1528,-15.3305419
0.1528,-15.3305419
0.1528,-15.3305419
0.1528,-15.3305419
0.1529,-15.34065247
0.1529,-15.34065247
0.1529,-15.34065247
0.1529,-15.34065247
0.1529,-15.34065247
0.1529,-15.34065247
0.1529,-15.34065247
0.1529,-15.34065247
0.1529,-15.34065247
0.1529,-15.34065247
0.1529,-15.34065247
0.1529,-15.34065247
0.1529,-15.34065247
0.1529,-15.34065247
0.1529,-15.34065247
0.1529,-15.34065247
0.1529,-15.34065247
0.1529,-15.34065247
0.1529,-15.34065247
0.1529,-15.34065247
0.1501,-15.33143299
0.1467,-15.33154575
0.1467,-15.33154575
0.1467,-15.33154575
0.1467,-15.33154575
0.1443,-15.33483099
0.1443,-15.33483099
0.1443,-15.33483099
0.1443,-15.33483099
0.1443,-15.33483099
0.1443,-15.33483099
0.1443,-15.33483099
0.1443,-15.33483099
0.1443,-15.33483099
0.1443,-15.33483099
0.1404,-15.33933226
0.1404,-15.33933226
0.1404,-15.33933226
0.1404,-15.33933226
0.14,-15.33775914
0.14,-15.33775914
0.14,-15.33775914
0.14,-15.33775914
0.14,-15.33775914
0.14,-15.33775914
0.14,-15.33775914
0.14,-15.33775914
0.14,-15.33775914
0.14,-15.33775914
0.14,-15.33775914
0.14,-15.33775914
0.1312,-15.33946693
0.1312,-15.33946694
0.1312,-15.33946694
0.1312,-15.33946694
0.1312,-15.33946694
0.1312,-15.33946693
0.1312,-15.33946694
0.1312,-15.33946694
0.1312,-15.33946694
0.1312,-15.33946694
0.1312,-15.33946694
0.1312,-15.33946693
0.1312,-15.33946694
0.1312,-15.33946694
0.1312,-15.33946694
0.1312,-15.33946693
0.1312,-15.33946693
0.1312,-15.33946693
0.1312,-15.33946694
0.1312,-15.33946693
0.1312,-15.33946693
0.1312,-15.33946693
0.1312,-15.33946693
0.1312,-15.33946694
0.1312,-15.33946693
0.1312,-15.33946694
0.1312,-15.33946693
0.1312,-15.33946694
0.1312,-15.33946693
0.1312,-15.33946694
0.1312,-15.33946694
0.1312,-15.33946693
0.1306,-15.33984077
0.1298,-15.33957585
0.1298,-15.33957585
0.1298,-15.33957585
0.1285,-15.33897072
0.1285,-15.33897072
0.1285,-15.33897072
0.1285,-15.33897072
0.1285,-15.33897072
0.1285,-15.33897072
0.1285,-15.33897072
0.1285,-15.33897072
0.1285,-15.33897072
0.1285,-15.33897072
0.1285,-15.33897072
0.1285,-15.33897072
0.1285,-15.33897072
0.1285,-15.33897072
0.1285,-15.33897072
0.1285,-15.33897072
0.1285,-15.33897072
0.1221,-15.34427388
0.1221,-15.34427388
0.1221,-15.34427388
0.1221,-15.34427388
0.1221,-15.34427388
0.1221,-15.34427388
0.1221,-15.34427388
0.1221,-15.34427388
0.1221,-15.34427388
0.1221,-15.34427388
0.1221,-15.34427388
0.1221,-15.34427388
0.1221,-15.34427388
0.1221,-15.34427388
0.1221,-15.34427388
0.1221,-15.34427388
0.1215,-15.34693703
0.1215,-15.34693703
0.1215,-15.34693703
0.1215,-15.34693703
0.1215,-15.34693703
0.1215,-15.34693703
0.1215,-15.34693703
0.1215,-15.34693703
0.1215,-15.34693703
0.1215,-15.34693703
0.1215,-15.34693703
0.1215,-15.34693703
0.1215,-15.34693703
0.1215,-15.34693703
0.1202,-15.346293
0.1202,-15.346293
0.1202,-15.346293
0.1202,-15.346293
0.1202,-15.346293
0.1202,-15.346293
0.1202,-15.346293
0.1202,-15.346293
0.1202,-15.346293
0.1202,-15.346293
0.1202,-15.346293
0.1202,-15.346293
0.1202,-15.346293
0.1202,-15.346293
0.1202,-15.346293
0.1202,-15.346293
0.1202,-15.346293
0.1202,-15.346293
0.1202,-15.346293
0.1202,-15.346293
0.1202,-15.346293
0.1202,-15.346293
0.1202,-15.346293
0.1202,-15.346293
0.1202,-15.346293
0.1202,-15.346293
0.1202,-15.346293
0.1202,-15.346293
0.1202,-15.346293
0.1202,-15.346293
0.1202,-15.346293
0.1202,-15.346293
0.1202,-15.346293
0.1202,-15.346293
0.1202,-15.346293
0.1202,-15.346293
0.1202,-15.346293
0.1202,-15.346293
0.1202,-15.346293
0.1202,-15.346293
0.1202,-15.346293
0.1202,-15.346293
0.1202,-15.346293
0.1202,-15.346293
0.1202,-15.346293
0.1202,-15.346293
0.1202,-15.346293
0.1202,-15.346293
0.1202,-15.346293
0.1202,-15.346293
0.1202,-15.346293
0.1202,-15.346293
0.1202,-15.346293
0.1202,-15.346293
0.1202,-15.346293
0.1202,-15.346293
0.1202,-15.346293
0.1202,-15.346293
0.1202,-15.346293
0.1202,-15.346293
0.1202,-15.346293
0.1202,-15.346293
0.1202,-15.346293
0.1153,-15.34111734
0.1153,-15.34111734
0.1153,-15.34111734
0.1153,-15.34111734
0.1153,-15.34111734
0.1153,-15.34111734
0.1153,-15.34111734
0.1153,-15.34111734
0.1153,-15.34111734
0.1153,-15.34111734
0.1153,-15.34111734
0.1153,-15.34111734
0.1153,-15.34111734
0.1153,-15.34111734
0.1153,-15.34111734
0.1153,-15.34111734
0.1135,-15.33956789
0.1135,-15.33956789
0.1135,-15.33956789
0.1115,-15.33820759
0.1115,-15.33820759
0.1115,-15.33820759
0.1115,-15.33820759
0.1115,-15.33820759
0.1115,-15.33820759
0.1115,-15.33820759
0.1115,-15.33820759
0.1115,-15.33820759
0.1115,-15.33820759
0.1115,-15.33820759
0.1115,-15.33820759
0.1115,-15.33820759
0.1115,-15.33820759
0.1115,-15.33820759
0.1115,-15.33820759
0.1115,-15.33820759
0.1115,-15.33820759
0.1115,-15.33820759
0.1115,-15.33820759
0.1115,-15.33820759
0.1115,-15.33820759
0.1115,-15.33820759
0.1115,-15.33820759
0.1115,-15.33820759
0.1115,-15.33820759
0.1115,-15.33820759
0.1115,-15.33820759
0.1034,-15.33856003
0.1034,-15.33856003
0.1034,-15.33856003
0.1034,-15.33856003
0.1034,-15.33856003
0.1034,-15.33856003
0.1034,-15.33856003
0.1034,-15.33856003
0.1034,-15.33856003
0.1034,-15.33856003
0.1034,-15.33856003
0.1034,-15.33856003
0.1034,-15.33856003
0.1034,-15.33856003
0.1034,-15.33856003
0.1034,-15.33856003
0.1026,-15.33932003
0.1026,-15.33932003
0.1026,-15.33932003
0.1017,-15.33896382
0.1017,-15.33896382
0.1017,-15.33896382
0.1017,-15.33896382
0.1017,-15.33896382
0.1017,-15.33896382
0.1017,-15.33896382
0.1017,-15.33896382
0.1017,-15.33896382
0.1017,-15.33896382
0.1017,-15.33896382
0.1017,-15.33896382
0.1017,-15.33896382
0.1017,-15.33896382
0.0991,-15.33969661
0.0991,-15.33969661
0.0991,-15.33969661
0.0991,-15.33969661
0.0991,-15.33969661
0.0991,-15.33969661
0.0991,-15.33969661
0.0991,-15.33969661
0.0991,-15.33969661
0.0991,-15.33969661
0.0991,-15.33969661
0.0991,-15.33969661
0.0991,-15.33969661
0.0991,-15.33969661
0.0991,-15.33969661
0.0991,-15.33969661
0.0991,-15.33969661
0.0991,-15.33969661
0.0991,-15.33969661
0.0991,-15.33969661
0.0991,-15.33969661
0.0991,-15.33969661
0.0991,-15.33969661
0.0991,-15.33969661
0.0969,-15.34051025
0.0969,-15.34051025
0.0969,-15.34051025
0.0969,-15.34051025
0.0969,-15.34051025
0.0969,-15.34051025
0.0969,-15.34051025
0.0969,-15.34051025
0.0969,-15.34051025
0.0969,-15.34051025
0.0969,-15.34051025
0.0969,-15.34051025
0.0969,-15.34051025
0.0969,-15.34051025
0.0969,-15.34051025
0.0969,-15.34051025
0.0969,-15.34051025
0.0969,-15.34051025
0.0969,-15.34051025
0.0969,-15.34051025
0.0969,-15.34051025
0.0969,-15.34051025
0.0978,-15.34382883
0.0969,-15.3437588
0.0969,-15.3437588
0.0969,-15.3437588
0.0969,-15.3437588
0.0969,-15.3437588
0.0969,-15.3437588
0.0969,-15.3437588
0.0968,-15.34389776
0.0968,-15.34389776
0.0968,-15.34389776
0.0968,-15.34389776
0.0968,-15.34389776
0.0968,-15.34389776
0.0968,-15.34389776
0.0968,-15.34389776
0.0968,-15.34389776
0.0968,-15.34389776
0.0968,-15.34389776
0.0968,-15.34389776
0.0968,-15.34389776
0.0971,-15.34383165
0.0971,-15.34383165
0.0971,-15.34383165
0.0971,-15.34383165
0.0971,-15.34383165
0.0971,-15.34383165
0.0971,-15.34383165
0.0971,-15.34383165
0.0971,-15.34383165
0.0971,-15.34383165
0.0971,-15.34383165
0.0971,-15.34383165
0.0971,-15.34383165
0.0971,-15.34383165
0.0971,-15.34383165
0.0971,-15.34383165
0.0971,-15.34383165
0.0971,-15.34383165
0.0971,-15.34383165
0.0971,-15.34383165
0.0971,-15.34383165
0.0971,-15.34383165
0.0971,-15.34383165
0.0971,-15.34383165
0.0971,-15.34383165
0.0955,-15.34095521
0.0955,-15.34095521
0.0955,-15.34095521
0.0953,-15.34116
0.0953,-15.34116
0.0953,-15.34116
0.0953,-15.34116
0.0953,-15.34116
0.0953,-15.34116
0.0953,-15.34116
0.0953,-15.34116
0.0953,-15.34116
0.0953,-15.34116
0.0953,-15.34116
0.0953,-15.34116
0.0953,-15.34116
0.0953,-15.34116
0.0953,-15.34116
0.0953,-15.34116
0.0953,-15.34116
0.0953,-15.34116
0.0953,-15.34116
0.0953,-15.34116
0.0953,-15.34116
0.0953,-15.34116
0.0953,-15.34116
0.0953,-15.34116
0.0953,-15.34116
0.0953,-15.34116
0.0953,-15.34116
0.0953,-15.34116
0.0953,-15.34116
0.0953,-15.34116
0.0953,-15.34116
0.0953,-15.34116
0.0953,-15.34116
0.0949,-15.34123818
0.0949,-15.34123818
0.0952,-15.34135109
0.0947,-15.34131141
0.0947,-15.34131141
0.0947,-15.34131141
0.0947,-15.34131141
0.0947,-15.34131141
0.0947,-15.34131141
0.0946,-15.34105436
0.0946,-15.34105436
0.0946,-15.34105436
0.0946,-15.34105436
0.0946,-15.34105436
0.0946,-15.34105436
0.0946,-15.34105436
0.0949,-15.34081532
0.0949,-15.34081532
0.0949,-15.34081532
0.0949,-15.34081532
0.0949,-15.34081532
0.0949,-15.34081532
0.0949,-15.34081532
0.0949,-15.34081532
0.0949,-15.34081532
0.0949,-15.34081532
0.0949,-15.34081532
0.0949,-15.34081532
0.0946,-15.34102773
0.0946,-15.34102773
0.2737,-15.30101853
0.2737,-15.30101853
0.0868,-15.34383336
0.0868,-15.34383336
0.0868,-15.34383336
0.0868,-15.34383336
0.0868,-15.34383336
0.0868,-15.34383336
0.0868,-15.34383336
0.0868,-15.34383336
0.0868,-15.34383336
0.0868,-15.34383336
0.0868,-15.34383336
0.0868,-15.34383336
0.0868,-15.34383336
0.0868,-15.34383336
0.0868,-15.34383336
0.0868,-15.34383336
0.0868,-15.34383336
0.0868,-15.34383336
0.0868,-15.34383336
0.0868,-15.34383336
0.0868,-15.34383336
0.0868,-15.34383336
0.0868,-15.34383336
0.0868,-15.34383336
0.0868,-15.34383336
0.0868,-15.34383336
0.0868,-15.34383336
0.0868,-15.34383336
0.0868,-15.34383336
0.0868,-15.34383336
0.0868,-15.34383336
0.0868,-15.34383336
0.0868,-15.34383336
0.0868,-15.34383336
0.0868,-15.34383336
0.0868,-15.34383336
0.0868,-15.34383336
0.0868,-15.34383336
0.0851,-15.34535996
0.0844,-15.34546443
0.0844,-15.34546443
0.0844,-15.34546443
0.0844,-15.34546443
0.0844,-15.34546443
0.0844,-15.34546443
0.0844,-15.34546443
0.0844,-15.34546443
0.0844,-15.34546443
0.0844,-15.34546443
0.0828,-15.34558378
0.0828,-15.34558378
0.0828,-15.34558378
0.0828,-15.34558378
0.0828,-15.34558378
0.0828,-15.34558378
0.0828,-15.34558378
0.0828,-15.34558378
0.082,-15.34567629
0.082,-15.34567629
0.082,-15.34567629
0.082,-15.34567629
0.082,-15.34567305
0.0815,-15.3458356
0.0813,-15.3458347
0.0813,-15.3458347
0.0813,-15.34572321
0.0813,-15.34570156
0.0809,-15.34590866
0.0809,-15.34590866
0.0809,-15.34590866
0.0809,-15.34590866
0.0809,-15.34590866
0.0808,-15.34544861
0.0808,-15.34544861
0.0808,-15.34590691
0.0808,-15.34590691
0.0808,-15.34590691
0.0808,-15.34590691
0.0808,-15.34590691
0.0808,-15.34597006
0.0808,-15.34597006
0.0807,-15.34595437
0.0807,-15.34595437
0.0807,-15.34593244
0.0807,-15.34593244
0.0807,-15.34593244
0.0807,-15.34593244
0.0807,-15.34593244
0.0807,-15.34593244
0.0807,-15.34593244
0.0807,-15.34593244
0.0807,-15.34593244
0.0807,-15.34597254
0.0807,-15.34597254
0.0807,-15.34597254
0.0807,-15.34597254
0.0807,-15.34597254
0.0807,-15.34597254
0.0807,-15.34597254
0.0808,-15.34596367
0.0808,-15.34596367
0.0807,-15.34594413
0.0807,-15.34594413
0.0807,-15.34594413
0.0807,-15.34594413
0.0807,-15.34594413
0.0807,-15.34594413
0.0807,-15.34594413
0.0807,-15.34594413
0.0807,-15.34594413
0.0807,-15.34594413
0.0807,-15.34594413
0.0807,-15.34594413
0.0807,-15.34594413
0.0807,-15.34594413
0.0807,-15.34594413
0.0807,-15.34594413
0.0807,-15.34594413
0.0807,-15.34594413
0.0807,-15.34594413
0.0807,-15.34594413
0.0807,-15.34594413
0.0807,-15.34594413
0.0807,-15.34594413
0.0807,-15.34594413
0.0807,-15.34594413
0.0807,-15.34594413
0.0807,-15.34594413
0.0807,-15.34594413
0.0807,-15.34594413
0.0807,-15.34594413
0.0807,-15.34594413
0.0807,-15.34594413
0.0807,-15.34594413
0.0807,-15.34594413
0.0807,-15.34594413
0.0795,-15.34573893
0.0795,-15.34573893
0.0795,-15.34573893
0.0795,-15.34573893
0.0795,-15.34573893
0.0795,-15.34573893
0.0795,-15.34573893
0.0795,-15.34573893
0.0795,-15.34573893
0.0795,-15.34573893
0.0795,-15.34573893
0.0795,-15.34573893
0.0795,-15.34573893
0.0795,-15.34573893
0.0795,-15.34573893
0.0795,-15.34573893
0.0795,-15.34573893
0.0795,-15.34573893
0.0795,-15.34573893
0.0795,-15.34573893
0.0795,-15.34573893
0.0795,-15.34573893
0.0795,-15.34573893
0.0795,-15.34573893
0.0795,-15.34573893
0.0795,-15.34573893
0.0795,-15.34573893
0.0795,-15.34573893
0.0795,-15.34573893
0.0795,-15.34573893
0.0795,-15.34573893
0.0795,-15.34573893
0.0795,-15.34573893
0.0795,-15.34573893
0.0795,-15.34573893
0.0795,-15.34573893
0.0795,-15.34573893
0.0795,-15.34573893
0.0788,-15.34689961
0.0788,-15.34689961
0.0788,-15.34689961
0.0788,-15.34689961
0.0788,-15.34689961
0.0788,-15.34689961
0.0788,-15.34689961
0.0788,-15.34689961
0.0788,-15.34689961
0.0786,-15.34667838
0.0786,-15.34667838
0.0786,-15.3468849
0.0781,-15.34629488
0.0781,-15.34629488
0.0781,-15.34629488
0.0781,-15.34629488
0.0781,-15.34629488
0.0781,-15.34629488
0.0781,-15.34671708
0.0781,-15.34671708
0.0779,-15.34655146
0.0779,-15.34655146
0.0779,-15.34655146
0.0779,-15.34655146
0.0779,-15.34655146
0.0779,-15.34623467
0.0779,-15.34623467
0.0779,-15.34623467
0.0777,-15.34665886
0.0777,-15.34665886
0.0773,-15.34641372
0.0775,-15.34652847
0.0774,-15.34626632
0.0774,-15.34626632
0.0774,-15.34626632
0.0774,-15.34626632
0.0774,-15.34626632
0.0774,-15.34610562
0.0774,-15.34610562
0.0773,-15.34618828
0.0773,-15.34618828
0.0773,-15.34618828
0.0773,-15.34618828
0.0772,-15.34624877
0.0773,-15.34623333
0.0773,-15.34623333
0.0772,-15.34628786
0.0772,-15.34628786
0.0772,-15.34628786
0.0773,-15.34622886
0.0774,-15.346284
0.0774,-15.346284
0.0774,-15.346284
0.0774,-15.346284
0.0773,-15.34624063
0.0773,-15.34624063
0.0773,-15.34624063
0.0773,-15.34624063
0.0773,-15.34624063
0.0773,-15.34624063
0.0773,-15.34624063
0.0773,-15.34624063
0.0773,-15.34624063
0.0773,-15.34624063
0.0773,-15.34624063
0.0773,-15.34624063
0.0773,-15.34624063
0.0773,-15.34624063
0.0773,-15.34624063
0.0773,-15.34624063
0.0773,-15.34624063
0.0773,-15.34624063
0.0773,-15.34624063
0.0773,-15.34624063
0.0773,-15.34624063
0.0773,-15.34624063
0.0773,-15.34624063
0.0773,-15.34624063
0.0773,-15.34624063
0.0773,-15.34624063
0.0773,-15.34624063
0.0773,-15.34624063
0.0773,-15.34624063
0.0773,-15.34624063
0.0773,-15.34624063
0.0773,-15.34624063
0.0773,-15.34624063
0.0773,-15.34624063
0.0773,-15.34624063
0.0773,-15.34624063
0.0773,-15.34624063
0.0773,-15.34624063
0.0773,-15.34624063
0.0773,-15.34624063
0.0773,-15.34624063
0.0773,-15.34624063
0.0773,-15.34624063
0.0773,-15.34624063
0.0773,-15.34624063
0.0773,-15.34624063
0.0773,-15.34624063
0.0773,-15.34624063
0.0773,-15.34624063
0.0773,-15.34624063
0.0773,-15.34624063
0.0773,-15.34624063
0.0773,-15.34624063
0.0773,-15.34624063
0.0773,-15.34624063
0.0773,-15.34624063
0.0773,-15.34624063
0.0773,-15.34624063
0.0773,-15.34624063
0.0773,-15.34624063
0.0773,-15.34624063
0.0773,-15.34624063
0.0773,-15.34624063
0.0773,-15.34624063
0.0773,-15.34624063
0.0773,-15.34624063
0.0773,-15.34624063
0.0773,-15.34624063
0.0773,-15.34624063
0.0773,-15.34624063
0.0773,-15.34624063
0.0773,-15.34624063
0.0773,-15.34624063
0.0773,-15.34624063
0.0773,-15.34624063
0.0773,-15.34624063
0.0773,-15.34624063
0.0773,-15.34624063
0.0773,-15.34624063
0.0773,-15.34624063
0.0773,-15.34624063
0.0773,-15.34624063
0.0773,-15.34624063
0.0773,-15.34624063
0.0773,-15.34624063
0.0773,-15.34624063
0.0773,-15.34624063
0.0773,-15.34624063
0.0772,-15.34599531
0.0772,-15.34599531
0.0772,-15.34599531
0.0772,-15.34599531
0.0772,-15.34599531
0.0772,-15.34599531
0.0772,-15.34599531
0.0772,-15.34599531
0.0772,-15.34628317
0.0772,-15.34628317
0.0772,-15.34628317
0.0772,-15.34628317
0.0772,-15.34628317
0.0772,-15.34628317
0.0772,-15.34628317
0.0772,-15.34628317
0.0772,-15.34628317
0.0772,-15.34625305
0.0772,-15.34625266
0.0772,-15.34625266
0.0772,-15.34625266
0.0772,-15.34625288
0.0773,-15.34625456
0.0773,-15.34625456
0.0772,-15.34625319
0.0772,-15.34625284
0.0772,-15.34625284
0.0772,-15.34625284
0.0772,-15.34625284
0.0772,-15.34625284
0.0772,-15.34625284
0.0772,-15.34625284
0.0772,-15.34625283
0.0772,-15.34625284
0.0772,-15.34625284
0.0772,-15.34625284
0.0772,-15.34625284
0.0772,-15.34625284
0.0772,-15.34625284
0.0772,-15.34625284
0.0772,-15.34625284
0.0772,-15.34625284
0.0772,-15.34625284
0.0772,-15.34625283
0.0772,-15.34625284
0.0772,-15.34625284
0.0772,-15.34625284
0.0772,-15.34625284
0.0772,-15.34625284
0.0772,-15.34625284
0.0772,-15.34625284
0.0772,-15.34625284
0.0772,-15.34625283
0.0772,-15.34625284
0.0772,-15.34625284
0.0772,-15.34625284
0.0772,-15.34625284
0.0772,-15.34625283
0.0772,-15.34625284
0.0772,-15.34625284
0.0772,-15.34625284
0.0772,-15.34625284
0.0772,-15.34625284
0.0772,-15.34625284
0.0772,-15.34625284
0.0772,-15.34625284
0.0772,-15.34625284
0.0772,-15.34625283
0.0772,-15.34625283
0.0772,-15.34625283
0.0772,-15.34625284
0.0772,-15.34625283
0.0772,-15.34625284
0.0772,-15.34625284
0.0772,-15.34625284
0.0772,-15.34625283
0.0772,-15.34625284
0.0772,-15.34625284
0.0772,-15.34625284
0.0772,-15.34625284
0.0772,-15.34625284
0.0772,-15.34625284
0.0772,-15.34625284
0.0772,-15.34625284
0.0772,-15.34625283
0.0772,-15.34625284
0.0772,-15.34625283
0.0772,-15.34625284
0.0772,-15.34625283
0.0772,-15.34625283
0.0772,-15.34625283
0.0772,-15.34625284
0.0772,-15.34625284
0.0772,-15.34625284
0.0772,-15.34625283
0.0772,-15.34625284
0.0772,-15.34625284
0.0772,-15.34625284
0.0772,-15.34625284
0.0772,-15.34625283
0.0772,-15.34625284
0.0772,-15.34625283
0.0772,-15.34625283
0.0772,-15.34625284
0.0772,-15.34625284
0.0772,-15.34625284
0.0772,-15.34625283
0.0772,-15.34625283
0.0772,-15.34625284
0.0772,-15.34625284
0.0772,-15.34625284
0.0772,-15.34625284
0.0772,-15.34625283
0.0772,-15.34625284
0.0772,-15.34625284
0.0772,-15.34625284
0.0772,-15.34625284
0.0772,-15.34625283
0.0772,-15.34625283
0.0772,-15.34625283
0.0772,-15.34625284
0.0772,-15.34625284
0.0772,-15.34625283
0.0772,-15.34625284
0.0772,-15.34625284
0.0772,-15.34625283
0.0772,-15.34625284
0.0772,-15.34625283
0.0772,-15.34625283
0.0772,-15.34625283
0.0772,-15.34625284
0.0772,-15.34625284
0.0772,-15.34625283
0.0772,-15.34625284
0.0772,-15.34625284
0.0772,-15.34625284
0.0772,-15.34625284
0.0772,-15.34625284
0.0772,-15.34625284
0.0772,-15.34625284
0.0772,-15.34625284
0.0772,-15.34625283
0.0772,-15.34625284
0.0772,-15.34625284
0.0772,-15.34625284
0.0772,-15.34625283
0.0772,-15.34625284
0.0772,-15.34625284
0.0772,-15.34625284
0.0772,-15.34625284
