sample_index,current_best_R,current_R
1,0.2737,0.2737
2,0.2737,0.6196
3,0.2737,0.9817
4,0.2737,0.7916
5,0.2737,1.0121
6,0.2737,0.5559
7,0.2737,0.7411
8,0.2737,0.6179
9,0.2737,0.8981
10,0.2737,0.8869
11,0.2737,0.5125
12,0.2737,0.313
13,0.2737,0.4794
14,0.2737,0.6622
15,0.2737,1.0719
16,0.2737,0.864
17,0.2737,1000.0
18,0.2737,0.3422
19,0.2737,0.8248
20,0.2737,0.7244
21,0.2737,1000.0
22,0.2737,0.6303
23,0.2737,0.7006
24,0.2737,0.9176
25,0.2737,0.642
26,0.2737,0.8388
27,0.2737,0.7312
28,0.2737,0.9655
29,0.2737,0.9392
30,0.2737,0.7716
31,0.2737,1000.0
32,0.2737,0.6155
33,0.2737,0.9456
34,0.2737,0.8691
35,0.2737,0.3659
36,0.2737,0.766
37,0.2737,0.3975
38,0.2737,0.4304
39,0.2737,0.3473
40,0.2737,1.1298
41,0.2737,1000.0
42,0.2737,0.6531
43,0.2737,0.9042
44,0.2737,0.7148
45,0.2737,0.9575
46,0.2737,0.8462
47,0.2737,0.845
48,0.2737,0.7387
49,0.2737,0.9457
50,0.2737,0.7126
51,0.2737,0.6388
52,0.2737,1.0193
53,0.2737,0.8181
54,0.2737,0.5016
55,0.2737,0.3552
56,0.2737,0.7348
57,0.2737,1000.0
58,0.2737,0.8138
59,0.2737,0.7206
60,0.2737,0.5875
61,0.2737,0.9397
62,0.2737,0.6035
63,0.2737,0.9423
64,0.2737,1000.0
65,0.2737,1000.0
66,0.2737,0.7134
67,0.2737,0.3419
68,0.2737,0.4885
69,0.2737,1000.0
70,0.2737,0.6006
71,0.2737,0.9605
72,0.2737,0.8036
73,0.2737,1.003
74,0.2737,1000.0
75,0.2737,0.612
76,0.2737,0.4773
77,0.2737,1.0414
78,0.2737,1000.0
79,0.2737,0.6711
80,0.2737,0.9028
81,0.2737,0.6302
82,0.2737,0.8939
83,0.2737,0.6439
84,0.2737,1000.0
85,0.2737,0.6438
86,0.2737,0.6894
87,0.2737,1000.0
88,0.2737,0.8504
89,0.2737,0.6378
90,0.2737,0.607
91,0.2737,0.7393
92,0.2737,0.5495
93,0.2737,1000.0
94,0.2737,0.87
95,0.2737,0.8881
96,0.2737,1000.0
97,0.2737,0.8716
98,0.2737,0.7516
99,0.2737,0.9349
100,0.2737,0.5319
101,0.2737,0.8423
102,0.2737,0.6925
103,0.2737,0.7328
104,0.2737,0.3509
105,0.2737,0.8998
106,0.2737,1.0429
107,0.2737,0.6742
108,0.2737,0.4828
109,0.2737,0.9506
110,0.2737,0.5296
111,0.2737,0.9855
112,0.2737,1.0978
113,0.2737,0.7986
114,0.2737,1000.0
115,0.2737,1.1858
116,0.2737,0.4157
117,0.2737,0.53
118,0.2737,1000.0
119,0.2737,1.09
120,0.2737,0.3605
121,0.2737,0.893
122,0.2737,0.9425
123,0.2737,0.838
124,0.2737,0.3398
125,0.2737,0.8039
126,0.2737,0.6809
127,0.2737,0.8632
128,0.2737,1.0872
129,0.2737,0.9134
130,0.2737,0.6531
131,0.2737,1000.0
132,0.2737,0.9079
133,0.2737,0.9805
134,0.2737,0.511
135,0.2737,0.6975
136,0.2737,0.5964
137,0.2737,0.4255
138,0.2737,0.6005
139,0.2737,1000.0
140,0.2737,0.8587
141,0.2737,0.7787
142,0.2737,0.7325
143,0.2737,0.9903
144,0.2737,0.366
145,0.2737,0.5127
146,0.2737,0.2885
147,0.2737,0.3863
148,0.2737,0.746
149,0.2737,0.9748
150,0.2737,0.7322
151,0.2737,0.394
152,0.2737,0.4545
153,0.2737,0.5663
154,0.2737,0.6957
155,0.2737,0.7246
156,0.2737,0.3414
157,0.2737,0.9253
158,0.2737,0.9293
159,0.2737,0.6647
160,0.2737,0.9698
161,0.2737,0.5685
162,0.2737,0.5925
163,0.2737,0.6901
164,0.2737,0.7693
165,0.2737,0.7137
166,0.2737,0.9325
167,0.2737,0.5433
168,0.2737,0.9255
169,0.2737,0.5519
170,0.2737,0.6926
171,0.2737,0.4659
172,0.2737,0.8466
173,0.2737,0.5176
174,0.2737,0.2817
175,0.2737,0.5383
176,0.2737,0.706
177,0.2737,0.7028
178,0.2737,0.9307
179,0.2737,1.0893
180,0.2737,0.4016
181,0.2737,0.3142
182,0.2737,0.3157
183,0.2737,0.5756
184,0.2737,0.9375
185,0.2737,0.3276
186,0.2737,0.414
187,0.2737,0.9478
188,0.2737,0.4575
189,0.2737,1.0305
190,0.2737,0.97
191,0.2737,0.6146
192,0.2737,0.8351
193,0.2737,0.5506
194,0.2737,0.776
195,0.2737,0.3408
196,0.2737,0.5617
197,0.2737,0.9886
198,0.2737,1.1321
199,0.2737,0.92
200,0.2737,0.774
201,0.2737,0.9149
202,0.2737,0.274
203,0.2737,0.4502
204,0.2737,0.717
205,0.2737,0.5897
206,0.2737,0.7049
207,0.2737,0.5964
208,0.2737,0.6752
209,0.2737,1.0548
210,0.2737,0.5916
211,0.2737,0.5046
212,0.2737,1000.0
213,0.2737,0.7504
214,0.2737,0.7545
215,0.2737,0.6753
216,0.2737,0.6334
217,0.2737,0.3781
218,0.2737,0.8685
219,0.2737,0.8379
220,0.2737,0.5165
221,0.2737,0.7867
222,0.2737,0.9892
223,0.2737,0.4219
224,0.2737,0.849
225,0.2737,1.09
226,0.2737,0.8413
227,0.2737,1.046
228,0.2737,0.4546
229,0.2737,0.7787
230,0.2737,0.4258
231,0.2737,0.3449
232,0.2737,0.3469
233,0.2737,0.9711
234,0.2542,0.2542
235,0.2542,0.9281
236,0.2542,0.5134
237,0.2542,0.4621
238,0.2542,0.7847
239,0.2542,0.4584
240,0.2542,0.4595
241,0.2542,0.8485
242,0.2542,0.8479
243,0.2542,0.7104
244,0.2542,1.0096
245,0.2542,0.8577
246,0.2542,0.6263
247,0.2542,0.6637
248,0.2542,0.6558
249,0.2542,0.8498
250,0.2542,0.2778
251,0.2542,0.29
252,0.2542,0.6164
253,0.2542,0.8148
254,0.2542,0.59
255,0.2542,0.2768
256,0.2542,1.0499
257,0.2542,1000.0
258,0.2542,0.8404
259,0.2542,0.5748
260,0.2542,0.7653
261,0.2542,0.3016
262,0.2542,0.62
263,0.2542,0.2634
264,0.2542,0.6
265,0.2542,0.5434
266,0.2542,1.0277
267,0.2542,0.7329
268,0.2542,0.5797
269,0.2542,0.4405
270,0.2542,1.0134
271,0.2542,0.2672
272,0.2542,0.7718
273,0.2542,0.3444
274,0.2542,0.8836
275,0.2542,0.3389
276,0.2542,1000.0
277,0.2542,0.823
278,0.2542,0.474
279,0.2542,0.6448
280,0.2542,0.3055
281,0.2542,0.8595
282,0.2542,0.3181
283,0.2542,0.3395
284,0.2542,0.6084
285,0.2542,1.0092
286,0.2542,0.6492
287,0.2542,0.4743
288,0.2542,0.2928
289,0.2542,0.7688
290,0.2542,0.4266
291,0.2542,0.7507
292,0.2542,0.687
293,0.2542,0.9381
294,0.2542,0.755
295,0.2542,0.9025
296,0.2542,0.3571
297,0.2542,0.3441
298,0.2542,0.6814
299,0.2542,0.3236
300,0.2542,0.6746
301,0.2542,0.4862
302,0.2542,0.5989
303,0.2542,0.4606
304,0.2542,0.9068
305,0.2542,0.543
306,0.2542,0.327
307,0.2542,0.7222
308,0.2542,0.5636
309,0.2542,0.5263
310,0.2542,0.5452
311,0.2542,0.8484
312,0.2542,0.5778
313,0.2542,0.5797
314,0.2542,0.4182
315,0.2542,0.462
316,0.2542,0.7804
317,0.2542,0.7066
318,0.2542,0.3213
319,0.2542,0.2663
320,0.2542,0.3625
321,0.2542,0.7772
322,0.2542,0.7168
323,0.2542,1.023
324,0.2542,0.8579
325,0.2542,0.8009
326,0.2542,0.5878
327,0.2542,0.9507
328,0.2542,0.8741
329,0.2368,0.2368
330,0.2368,0.8432
331,0.2368,0.6562
332,0.2368,0.9553
333,0.2368,0.5006
334,0.2368,0.3736
335,0.2368,1.0564
336,0.2368,0.4975
337,0.2368,0.6422
338,0.2368,0.2996
339,0.2368,1.1042
340,0.2368,0.7898
341,0.2368,0.5685
342,0.2368,0.3366
343,0.2368,0.6573
344,0.2368,0.3169
345,0.2368,0.3295
346,0.2368,0.2721
347,0.2368,0.6232
348,0.2368,0.4526
349,0.2368,0.343
350,0.2368,0.5146
351,0.2368,0.7378
352,0.2368,0.6552
353,0.2368,0.9187
354,0.2368,0.68
355,0.2368,1000.0
356,0.2368,0.6231
357,0.2368,0.2853
358,0.2368,0.2789
359,0.2368,0.8812
360,0.2368,0.3099
361,0.2368,0.7363
362,0.2368,0.4351
363,0.2368,0.3454
364,0.2368,0.5772
365,0.2368,0.6587
366,0.2368,0.5565
367,0.2368,0.5282
368,0.2368,0.3427
369,0.2368,0.4437
370,0.2368,0.6816
371,0.2368,0.4275
372,0.2368,0.5672
373,0.2368,0.6705
374,0.2368,0.2755
375,0.2368,0.4823
376,0.2368,0.2473
377,0.2368,0.6122
378,0.2368,0.5558
379,0.2368,0.3894
380,0.2368,0.4901
381,0.2368,0.3609
382,0.2368,0.2696
383,0.2368,0.4038
384,0.2368,0.5484
385,0.2368,0.5626
386,0.2368,0.7718
387,0.2368,0.2579
388,0.2368,0.3311
389,0.2368,0.6214
390,0.2368,0.7882
391,0.2368,0.5253
392,0.2368,0.5323
393,0.2368,0.5037
394,0.2368,0.905
395,0.2368,0.3312
396,0.2368,0.3303
397,0.2368,0.744
398,0.2273,0.2273
399,0.2273,0.8293
400,0.2273,0.6747
401,0.2273,0.332
402,0.2273,0.6408
403,0.2273,0.2494
404,0.2273,0.6927
405,0.2273,0.8519
406,0.2273,0.6904
407,0.2273,0.6674
408,0.2273,0.7544
409,0.2273,0.6687
410,0.2273,0.2368
411,0.2273,0.5104
412,0.2273,0.4833
413,0.2273,0.6672
414,0.2273,0.3514
415,0.2273,0.8273
416,0.2273,0.6746
417,0.2138,0.2138
418,0.2138,0.5149
419,0.2138,1000.0
420,0.2138,0.572
421,0.2138,0.234
422,0.2138,0.3062
423,0.2138,0.4868
424,0.2138,0.5683
425,0.2138,0.2544
426,0.2138,0.2964
427,0.2009,0.2009
428,0.2009,0.7567
429,0.2009,0.5028
430,0.2009,0.6684
431,0.2009,0.7923
432,0.2009,0.2119
433,0.2009,0.6285
434,0.2009,0.7205
435,0.2009,0.93
436,0.2009,0.3232
437,0.2009,0.6004
438,0.2009,0.581
439,0.2009,0.5427
440,0.2009,1000.0
441,0.2009,0.2517
442,0.2009,0.5692
443,0.2009,0.5254
444,0.2009,1000.0
445,0.2009,0.2398
446,0.2009,0.6152
447,0.2009,0.321
448,0.2009,0.2245
449,0.2009,0.5485
450,0.2009,0.3642
451,0.2009,0.3578
452,0.2009,0.4055
453,0.2009,0.217
454,0.2009,0.367
455,0.2009,0.3921
456,0.2009,0.6893
457,0.2009,0.6403
458,0.2009,0.6467
459,0.2009,0.3276
460,0.2009,0.3501
461,0.2009,0.3192
462,0.2009,0.4396
463,0.2009,1.0222
464,0.2009,0.3811
465,0.2009,0.6071
466,0.1817,0.1817
467,0.1817,0.5774
468,0.1817,0.4981
469,0.1727,0.1727
470,0.1727,0.3068
471,0.1727,0.5123
472,0.1727,0.261
473,0.1727,0.5264
474,0.1727,0.7695
475,0.1727,0.4459
476,0.1727,0.4333
477,0.1727,0.3369
478,0.1727,0.4278
479,0.1727,0.5997
480,0.1727,0.3416
481,0.1727,0.2203
482,0.1727,0.5325
483,0.1727,0.2056
484,0.1727,0.2732
485,0.1727,0.4974
486,0.1727,0.1938
487,0.1727,0.4386
488,0.1727,0.428
489,0.1727,0.5263
490,0.1727,0.5551
491,0.1727,0.2902
492,0.1727,0.3006
493,0.1727,0.6075
494,0.1727,0.2051
495,0.1727,0.4188
496,0.1727,0.4469
497,0.1727,0.1842
498,0.1727,0.4624
499,0.1727,0.3427
500,0.1727,0.188
501,0.1727,0.2248
502,0.1727,0.6326
503,0.1727,0.2231
504,0.1727,0.7044
505,0.1727,0.4231
506,0.1727,0.4138
507,0.1503,0.1503
508,0.1503,0.1968
509,0.1503,0.944
510,0.1503,0.6178
511,0.1503,0.179
512,0.1503,0.6606
513,0.1503,0.1678
514,0.1503,0.3864
515,0.1503,0.3422
516,0.1503,0.5626
517,0.1503,0.6153
518,0.1503,0.3203
519,0.1503,0.2255
520,0.1503,0.4924
521,0.1503,0.5153
522,0.1503,0.4131
523,0.1503,0.7707
524,0.1503,0.2764
525,0.1503,0.3642
526,0.1503,0.2507
527,0.1503,0.3026
528,0.1503,0.4707
529,0.1503,0.1836
530,0.1503,0.5451
531,0.1503,0.7149
532,0.1503,0.2222
533,0.1503,0.1705
534,0.1503,0.2083
535,0.1503,0.1892
536,0.1503,0.5028
537,0.1503,0.1931
538,0.1503,0.1747
539,0.1503,0.2666
540,0.1503,0.4859
541,0.1503,0.469
542,0.1503,0.1514
543,0.1503,0.3243
544,0.1503,0.2321
545,0.1503,0.2673
546,0.1503,0.3661
547,0.1503,0.2506
548,0.1503,0.4278
549,0.1503,0.5095
550,0.1503,0.3632
551,0.1503,0.2062
552,0.1503,0.8892
553,0.1503,0.3194
554,0.1503,0.3592
555,0.1503,0.6916
556,0.1503,0.1653
557,0.1503,0.4427
558,0.1503,0.3096
559,0.1503,0.2
560,0.1503,0.7258
561,0.1503,0.4366
562,0.1503,0.3934
563,0.1503,0.1538
564,0.1503,0.268
565,0.1503,0.5572
566,0.1503,0.3872
567,0.1503,0.9117
568,0.1503,0.2383
569,0.1503,0.2972
570,0.1503,0.3025
571,0.1503,0.4433
572,0.1503,0.5458
573,0.1503,0.738
574,0.1503,0.4447
575,0.1503,0.2223
576,0.1503,0.3528
577,0.1503,0.2894
578,0.1503,0.3027
579,0.1503,0.1786
580,0.1503,0.4276
581,0.1503,0.1843
582,0.1503,0.221
583,0.1503,0.1699
584,0.1408,0.1408
585,0.1408,0.1514
586,0.1408,0.3212
587,0.1408,0.465
588,0.1408,0.3885
589,0.1408,0.1521
590,0.1408,0.1793
591,0.1408,0.589
592,0.1408,0.3402
593,0.1408,0.2969
594,0.1408,0.7029
595,0.1408,0.3096
596,0.1408,0.226
597,0.1408,0.3867
598,0.1408,0.5054
599,0.1408,0.2781
600,0.1408,0.6023
601,0.1408,0.4346
602,0.1408,0.3639
603,0.1408,0.2066
604,0.1408,0.3613
605,0.1408,0.4657
606,0.1408,0.4865
607,0.1408,0.1412
608,0.1408,0.2269
609,0.1408,0.4513
610,0.1408,0.7615
611,0.1408,0.304
612,0.1408,0.3285
613,0.1408,0.1485
614,0.1408,0.1605
615,0.1408,0.3219
616,0.1408,0.3839
617,0.1408,1000.0
618,0.1408,0.6664
619,0.1408,0.3182
620,0.139,0.139
621,0.1346,0.1346
622,0.1346,0.3212
623,0.1346,0.3419
624,0.1346,0.3431
625,0.1346,0.233
626,0.1346,0.3161
627,0.1346,0.1569
628,0.1346,0.1816
629,0.1346,0.1473
630,0.1346,0.2047
631,0.1316,0.1316
632,0.1316,0.3627
633,0.1316,0.1683
634,0.1316,0.2657
635,0.1316,0.4323
636,0.1316,0.1753
637,0.1316,0.7356
638,0.1316,0.36
639,0.1316,0.4532
640,0.1316,0.3698
641,0.1316,0.5956
642,0.1316,0.1543
643,0.1316,0.354
644,0.1316,0.2254
645,0.1316,0.3677
646,0.1316,0.2911
647,0.1316,0.1597
648,0.1316,0.1567
649,0.1316,0.2234
650,0.1316,0.1754
651,0.1316,0.2456
652,0.1316,0.4512
653,0.1316,0.1325
654,0.1316,0.1537
655,0.1316,0.5189
656,0.1316,0.3004
657,0.1316,0.8695
658,0.1316,0.274
659,0.1316,0.1937
660,0.1316,0.3072
661,0.1316,0.3167
662,0.1316,0.1785
663,0.1316,1000.0
664,0.1316,0.3349
665,0.1316,0.1563
666,0.1316,0.2714
667,0.1316,0.4851
668,0.1316,0.1688
669,0.1316,0.2259
670,0.1316,0.4343
671,0.1316,0.2435
672,0.1316,0.1752
673,0.1316,0.3568
674,0.1316,0.4246
675,0.1316,1000.0
676,0.1316,0.1525
677,0.1316,0.1942
678,0.1316,0.1623
679,0.1316,0.5447
680,0.1316,0.4409
681,0.1316,0.1369
682,0.1316,0.2217
683,0.1316,0.1588
684,0.1316,0.394
685,0.1316,0.3323
686,0.1316,0.3579
687,0.1316,0.2732
688,0.1316,0.1635
689,0.1316,0.2207
690,0.1316,0.1867
691,0.1316,0.1341
692,0.1316,0.6346
693,0.1316,0.214
694,0.1316,0.3466
695,0.1316,1000.0
696,0.1316,0.1737
697,0.1316,0.1755
698,0.1316,0.1357
699,0.1316,0.1508
700,0.1316,0.211
701,0.1316,0.1771
702,0.1316,0.1328
703,0.1316,0.4352
704,0.1316,0.565
705,0.1316,0.5263
706,0.1316,0.2311
707,0.1316,0.1851
708,0.1316,0.4482
709,0.1316,0.3035
710,0.1316,0.2069
711,0.1272,0.1272
712,0.1272,0.129
713,0.1194,0.1194
714,0.1194,0.1538
715,0.1194,0.2137
716,0.1194,0.291
717,0.1194,0.2424
718,0.1194,0.4405
719,0.1194,0.2222
720,0.1194,0.4401
721,0.1194,0.2665
722,0.1194,0.2488
723,0.1194,0.153
724,0.1194,0.1638
725,0.1194,0.3209
726,0.1194,0.2833
727,0.1194,0.2648
728,0.1194,0.2312
729,0.1194,0.346
730,0.1194,0.1416
731,0.1194,0.2032
732,0.1194,0.5044
733,0.1194,0.1221
734,0.1194,0.2204
735,0.1194,0.5753
736,0.1194,0.2057
737,0.1194,0.3667
738,0.1194,0.1271
739,0.1194,0.2878
740,0.1194,0.5387
741,0.1181,0.1181
742,0.1181,0.1336
743,0.1181,0.3292
744,0.1181,0.1772
745,0.1181,0.1552
746,0.1181,0.1997
747,0.1181,0.1569
748,0.1181,0.1204
749,0.1181,0.1712
750,0.1181,0.299
751,0.1181,0.1443
752,0.1181,0.4131
753,0.1181,0.344
754,0.1181,0.1714
755,0.1181,0.1904
756,0.1181,0.2088
757,0.1181,0.2356
758,0.1181,0.2493
759,0.1181,0.208
760,0.1181,0.1377
761,0.1181,0.3539
762,0.1181,0.5264
763,0.1181,0.3415
764,0.1181,0.1422
765,0.1153,0.1153
766,0.1153,0.285
767,0.1153,1000.0
768,0.1108,0.1108
769,0.1108,0.4212
770,0.1108,0.2906
771,0.1108,0.2313
772,0.1108,0.1115
773,0.1108,0.1486
774,0.1108,0.2642
775,0.1108,0.1476
776,0.1108,0.216
777,0.1108,0.432
778,0.1108,0.2442
779,0.1108,0.19
780,0.1108,0.3084
781,0.1108,0.3596
782,0.1108,0.2704
783,0.1064,0.1064
784,0.1064,0.1851
785,0.1064,0.1071
786,0.1064,0.3243
787,0.1064,0.1909
788,0.0931,0.0931
789,0.0931,0.1788
790,0.0931,0.3416
791,0.0931,0.526
792,0.0931,0.5772
793,0.0931,0.3264
794,0.0931,0.1282
795,0.0931,0.1121
796,0.0931,0.337
797,0.0931,1000.0
798,0.0931,0.4034
799,0.0931,0.0996
800,0.0931,0.1176
801,0.0931,0.1789
802,0.0931,0.4993
803,0.0931,0.1665
804,0.0931,0.2897
805,0.0931,0.1689
806,0.0931,0.1099
807,0.0931,0.3525
808,0.0931,0.2242
809,0.0931,0.2166
810,0.0931,0.5119
811,0.0931,0.2327
812,0.0931,0.3798
813,0.0931,0.1868
814,0.0931,1000.0
815,0.0931,1000.0
816,0.0931,0.1301
817,0.0931,0.2477
818,0.0931,0.2371
819,0.0931,0.1123
820,0.0931,1000.0
821,0.0931,1000.0
822,0.0931,0.1088
823,0.0931,0.1196
824,0.0931,1000.0
825,0.0931,0.2935
826,0.0931,0.2412
827,0.0931,0.2696
828,0.0931,0.2097
829,0.0931,0.1637
830,0.0931,0.095
831,0.0931,0.1914
832,0.0931,0.1169
833,0.0931,0.23
834,0.0931,0.2458
835,0.0931,0.1727
836,0.0931,0.3068
837,0.0931,0.0999
838,0.0931,0.2855
839,0.0931,1000.0
840,0.0931,0.1465
841,0.0931,0.4587
842,0.0931,0.2302
843,0.0931,0.2339
844,0.0931,0.1078
845,0.0931,0.1445
846,0.0931,0.2197
847,0.0931,1000.0
848,0.0931,0.2433
849,0.0931,0.2723
850,0.0931,0.1657
851,0.0922,0.0922
852,0.0922,0.129
853,0.0922,0.3713
854,0.0922,0.3043
855,0.0922,0.11
856,0.0922,0.1739
857,0.0922,0.2419
858,0.0922,0.1268
859,0.0922,0.1614
860,0.0922,0.3398
861,0.0922,0.1803
862,0.0922,0.1918
863,0.0922,0.3612
864,0.0922,0.2628
865,0.0922,0.1919
866,0.0901,0.0901
867,0.0901,0.166
868,0.0901,0.3446
869,0.0901,0.1896
870,0.0901,0.098
871,0.0901,0.4242
872,0.0901,0.0944
873,0.0901,0.1935
874,0.0901,0.1513
875,0.0901,0.294
876,0.0901,0.1186
877,0.0901,0.1113
878,0.0901,0.3129
879,0.0901,0.1902
880,0.0901,0.1084
881,0.0901,0.0925
882,0.0901,0.3059
883,0.0901,0.3042
884,0.0901,0.2433
885,0.0901,0.2028
886,0.0901,0.3331
887,0.0901,0.1029
888,0.0901,0.1073
889,0.0901,0.091
890,0.0901,0.1338
891,0.0901,0.1675
892,0.0901,0.2989
893,0.0901,0.114
894,0.0901,0.5155
895,0.0901,0.0956
896,0.0901,0.3799
897,0.0901,0.2953
898,0.0901,0.1356
899,0.0901,0.1146
900,0.0901,0.1496
901,0.0901,0.2981
902,0.0901,0.177
903,0.0901,0.1128
904,0.0901,0.1682
905,0.0901,0.1213
906,0.0901,0.1859
907,0.0901,0.2141
908,0.0901,0.1882
909,0.0901,0.3922
910,0.0901,0.1095
911,0.0901,0.1357
912,0.0895,0.0895
913,0.0895,0.3262
914,0.0895,0.1123
915,0.0895,1000.0
916,0.0895,0.1053
917,0.0895,0.0971
918,0.0895,0.1993
919,0.0895,0.1306
920,0.0895,1000.0
921,0.0895,0.0939
922,0.0895,0.0985
923,0.0895,0.1061
924,0.0895,0.1567
925,0.0895,0.2932
926,0.0895,0.2762
927,0.0895,0.0896
928,0.0895,0.1523
929,0.0895,0.0964
930,0.0895,0.1842
931,0.0895,1000.0
932,0.0895,0.2348
933,0.0895,0.097
934,0.0895,0.1661
935,0.0895,0.1931
936,0.0895,0.1577
937,0.0895,0.1256
938,0.0895,0.0907
939,0.0895,0.302
940,0.0895,0.1765
941,0.0895,0.22
942,0.0895,0.2512
943,0.0895,0.1056
944,0.0895,0.0969
945,0.0895,0.1824
946,0.0895,0.1697
947,0.0895,0.1785
948,0.0895,0.1389
949,0.0895,0.1217
950,0.0895,0.4158
951,0.0895,0.1341
952,0.0895,0.1778
953,0.0895,1000.0
954,0.0895,0.1699
955,0.0895,0.1232
956,0.0895,0.1357
957,0.0895,0.1475
958,0.0895,0.2038
959,0.0895,0.0968
960,0.0871,0.0871
961,0.0871,0.1064
962,0.0871,1000.0
963,0.0871,0.1252
964,0.0871,0.0871
965,0.0871,0.158
966,0.0871,0.1432
967,0.0871,1000.0
968,0.0871,0.1108
969,0.0871,0.0952
970,0.0871,0.1292
971,0.0871,0.0961
972,0.0871,0.2247
973,0.0871,0.2206
974,0.0871,0.1429
975,0.0871,0.2519
976,0.0868,0.0868
977,0.0868,0.1147
978,0.0868,0.1679
979,0.0868,0.1571
980,0.0868,0.1319
981,0.0868,0.1366
982,0.0868,0.1346
983,0.0868,0.3048
984,0.0868,0.1766
985,0.0868,0.1123
986,0.0868,0.0874
987,0.0867,0.0867
988,0.0867,0.1461
989,0.0867,0.1229
990,0.0867,0.2011
991,0.0867,0.328
992,0.0867,0.1457
993,0.0867,0.2258
994,0.0867,0.1365
995,0.0867,0.2499
996,0.0867,0.0887
997,0.0867,0.2059
998,0.0867,0.2441
999,0.0867,0.2302
1000,0.0867,0.1409
